Product Name,Image Links
Curl Plus - Cerise Pink,https://cdn-aicml.nitrocdn.com/ylLBhdlUrSOVkOEPLndHLPoYKQhtuKqI/assets/static/optimized/rev-ddd1a50/wp-content/uploads/2019/02/CURVE-PLUS_Cerise-Pink.png
Curl Plus - Cerise Pink,https://cdn-aicml.nitrocdn.com/ylLBhdlUrSOVkOEPLndHLPoYKQhtuKqI/assets/static/optimized/rev-ddd1a50/wp-content/uploads/2019/02/CURL-PLUS_Cerise-Pink1.png
Curl Plus - White,https://cdn-aicml.nitrocdn.com/ylLBhdlUrSOVkOEPLndHLPoYKQhtuKqI/assets/static/optimized/rev-ddd1a50/wp-content/uploads/2019/02/CURVE-PLUS_White.png
Curl Plus - White,https://cdn-aicml.nitrocdn.com/ylLBhdlUrSOVkOEPLndHLPoYKQhtuKqI/assets/static/optimized/rev-ddd1a50/wp-content/uploads/2019/02/CURL-PLUS_White1.png
Curl Plus - Matt Black,https://cdn-aicml.nitrocdn.com/ylLBhdlUrSOVkOEPLndHLPoYKQhtuKqI/assets/static/optimized/rev-ddd1a50/wp-content/uploads/2019/02/CURVE-PLUS_Matt-Black.png
Curl Plus - Matt Black,https://cdn-aicml.nitrocdn.com/ylLBhdlUrSOVkOEPLndHLPoYKQhtuKqI/assets/static/optimized/rev-ddd1a50/wp-content/uploads/2019/02/CURL-PLUS_Matt-Black1.png
Curl Plus - Champagne Gold,https://cdn-aicml.nitrocdn.com/ylLBhdlUrSOVkOEPLndHLPoYKQhtuKqI/assets/static/optimized/rev-ddd1a50/wp-content/uploads/2019/02/Curve-Plus_Champagne-Gold.png
Curl Plus - Champagne Gold,https://cdn-aicml.nitrocdn.com/ylLBhdlUrSOVkOEPLndHLPoYKQhtuKqI/assets/static/optimized/rev-ddd1a50/wp-content/uploads/2019/02/CURL-PLUS_Champagne-Gold1.png
Curl Plus - Magnesium Grey,https://cdn-aicml.nitrocdn.com/ylLBhdlUrSOVkOEPLndHLPoYKQhtuKqI/assets/static/optimized/rev-ddd1a50/wp-content/uploads/2019/02/CURVE-PLUS_-Magnesium-Grey.png
Curl Plus - Magnesium Grey,https://cdn-aicml.nitrocdn.com/ylLBhdlUrSOVkOEPLndHLPoYKQhtuKqI/assets/static/optimized/rev-ddd1a50/wp-content/uploads/2019/02/CURL-PLUS_-Magnesium-Grey1.png
Curl Plus - Danube Blue,https://cdn-aicml.nitrocdn.com/ylLBhdlUrSOVkOEPLndHLPoYKQhtuKqI/assets/static/optimized/rev-ddd1a50/wp-content/uploads/2019/02/CURVE-PLUS_Danube-Blue.png
Curl Plus - Danube Blue,https://cdn-aicml.nitrocdn.com/ylLBhdlUrSOVkOEPLndHLPoYKQhtuKqI/assets/static/optimized/rev-ddd1a50/wp-content/uploads/2019/02/CURL-PLUS_Danube-Blue1.png
Curl Plus - Crimson Red,https://cdn-aicml.nitrocdn.com/ylLBhdlUrSOVkOEPLndHLPoYKQhtuKqI/assets/static/optimized/rev-ddd1a50/wp-content/uploads/2019/02/Curve_Plus-Crimson-Red.png
Curl Plus - Crimson Red,https://cdn-aicml.nitrocdn.com/ylLBhdlUrSOVkOEPLndHLPoYKQhtuKqI/assets/static/optimized/rev-ddd1a50/wp-content/uploads/2019/02/CURL-PLUS_Crimson-Red1.png
Curl Plus - Dark Oak,https://cdn-aicml.nitrocdn.com/ylLBhdlUrSOVkOEPLndHLPoYKQhtuKqI/assets/static/optimized/rev-ddd1a50/wp-content/uploads/2019/02/CURVE-PLUS_Dark-Oak..png
Curl Plus - Dark Oak,https://cdn-aicml.nitrocdn.com/ylLBhdlUrSOVkOEPLndHLPoYKQhtuKqI/assets/static/optimized/rev-ddd1a50/wp-content/uploads/2019/02/CURL-PLUS_Dark-Oak1.png
